视频标题,发布时间,播放量,游客播放占比,粉丝观看率,涨粉量,点赞量,评论量,弹幕量,收藏量,投币量,转发量,平均播放进度
为什么是 at work，却是 in bed？英语介词到底怎么选 ｜ 英语自学指北第 23 周,2026年09月27日 14:33:32,4621,91.3%,1.8%,114,389,10,1,1432,23,15,8.5%
如何把简单句组成长句子？ ｜ 英语自学指北 22 周,2026年09月12日 19:16:26,1140,57.7%,2.1%,20,52,7,0,141,16,2,11%
一个单词，在句子里应该放在什么位置? | 英语自学指北 21 周,2026年09月05日 18:33:07,1783,79.9%,1.5%,34,103,1,0,301,12,6,15.8%
30分钟，英语中形容词、副词的全面学习 ｜ 英语自学指北 20 周,2026年08月30日 09:00:00,1832,82.2%,1.2%,38,90,4,0,270,11,14,12.7%
学了好多年都学不明白的 many, much, many of, much of, a lot of, 等 ｜ 英语自学指北 19 周,2026年08月22日 20:56:40,2184,84.4%,1.4%,69,185,4,0,450,19,7,10.6%
第18周：this/that、one/ones、some/any 一次讲清 ｜ 英语自学指北,2026年08月16日 21:15:07,977,56.8%,1.9%,3,28,4,0,43,7,3,10.1%
关于 a an the 的一次全面学习，长达 30 分钟｜ 自学指北第 17 周,2026年08月09日 16:57:00,3260,83.8%,2.2%,70,210,18,1,434,31,7,11.1%
代词和所有格 ｜ pronouns和possessives ｜ 英语自学指北 - 第十六周,2026年07月26日 17:26:37,2556,87.3%,1.3%,18,52,6,0,73,16,1,29.8%
这周搞懂了 Go、Get、Do、Have，千词达成 ｜ 自学指北进度15 周，进度一半了,2026年07月18日 22:17:01,2009,67.8%,2.8%,61,90,10,0,219,24,4,13.5%
to do 还是 doing？英语动词搭配终于讲明白了｜英语自学指北·第14周,2026年07月12日 10:17:59,2531,82.5%,1.7%,91,123,13,0,347,20,10,12.4%